Ville_code_postal,Commune,code_insee
Paris (75),Paris,75056
Paris 10ème (75010),Paris,75056
Paris 11ème (75011),Paris,75056
Paris 12ème (75012),Paris,75056
Paris 13ème (75013),Paris,75056
Paris 14ème (75014),Paris,75056
Paris 15ème (75015),Paris,75056
Paris 16ème (75116),Paris,75056
Paris 16ème (75016),Paris,75056
Paris 17ème (75017),Paris,75056
Paris 18ème (75018),Paris,75056
Paris 19ème (75019),Paris,75056
Paris 1er (75001),Paris,75056
Paris 20ème (75020),Paris,75056
Paris 2ème (75002),Paris,75056
Paris 3ème (75003),Paris,75056
Paris 4ème (75004),Paris,75056
Paris 5ème (75005),Paris,75056
Paris 6ème (75006),Paris,75056
Paris 7ème (75007),Paris,75056
Paris 8ème (75008),Paris,75056
Paris 9ème (75009),Paris,75056
Bouville (91880),Bouville,76135
Guerville (78930),Guerville,76333
Massy (91300),Massy,76415
Annet-sur-Marne (77410),Annet-sur-Marne,77005
Avon (77210),Avon,77014
Barbizon (77630),Barbizon,77022
Beaumont-du-Gâtinais (77890),Beaumont-du-Gâtinais,77027
Bellot (77510),Bellot,77030
Bray-sur-Seine (77480),Bray-sur-Seine,77051
Brie-Comte-Robert (77170),Brie-Comte-Robert,77053
Bussy-Saint-Georges (77600),Bussy-Saint-Georges,77058
Cesson (77240),Cesson,77067
Cessoy-en-Montois (77520),Cessoy-en-Montois,77068
Champagne-sur-Seine (77430),Champagne-sur-Seine,77079
Champs-sur-Marne (77420),Champs-sur-Marne,77083
Chelles (77500),Chelles,77108
Chessy (77700),Chessy,77111
Choisy-en-Brie (77320),Choisy-en-Brie,77116
Claye-Souilly (77410),Claye-Souilly,77118
Coubert (77170),Coubert,77127
Coulommiers (77120),Coulommiers,77131
Coutevroult (77580),Coutevroult,77141
Crécy-la-Chapelle (77580),Crécy-la-Chapelle,77142
Crouy-sur-Ourcq (77840),Crouy-sur-Ourcq,77148
Dagny (77320),Dagny,77151
Dammarie-les-Lys (77190),Dammarie-les-Lys,77152
Donnemarie-Dontilly (77520),Donnemarie-Dontilly,77159
Emerainville (77184),Emerainville,77169
Faremoutiers (77515),Faremoutiers,77176
Ferrières-en-Brie (77164),Ferrières-en-Brie,77181
La Ferté-sous-Jouarre (77260),La Ferté-sous-Jouarre,77183
Fontainebleau (77300),Fontainebleau,77186
Gouvernes (77400),Gouvernes,77209
Gretz-Armainvilliers (77220),Gretz-Armainvilliers,77215
Grisy-Suisnes (77166),Grisy-Suisnes,77217
Héricy (77850),Héricy,77226
Lagny-sur-Marne (77400),Lagny-sur-Marne,77243
Larchant (77760),Larchant,77244
Lésigny (77150),Lésigny,77249
Lieusaint (77127),Lieusaint,77251
Lizy-sur-Ourcq (77440),Lizy-sur-Ourcq,77257
Lognes (77185),Lognes,77258
Magny-le-Hongre (77700),Magny-le-Hongre,77268
Meaux (77100),Meaux,77284
Le Mée-sur-Seine (77350),Le Mée-sur-Seine,77285
Melun (77000),Melun,77288
Mitry-Mory (77290),Mitry-Mory,77294
Moissy-Cramayel (77550),Moissy-Cramayel,77296
Montereau-Fault-Yonne (77130),Montereau-Fault-Yonne,77305
Montévrain (77144),Montévrain,77307
Moret-Loing-et-Orvanne (77250),Moret-Loing-et-Orvanne,77316
Mormant (77720),Mormant,77317
Nangis (77370),Nangis,77327
Nanteuil-lès-Meaux (77100),Nanteuil-lès-Meaux,77330
Nemours (77140),Nemours,77333
Noisiel (77186),Noisiel,77337
Ormesson (77167),Ormesson,77348
Othis (77280),Othis,77349
Ozoir-la-Ferrière (77330),Ozoir-la-Ferrière,77350
Pomponne (77400),Pomponne,77372
Pontault-Combault (77340),Pontault-Combault,77373
Pontcarré (77135),Pontcarré,77374
Pringy (77310),Pringy,77378
Provins (77160),Provins,77379
Quincy-Voisins (77860),Quincy-Voisins,77382
Rebais (77510),Rebais,77385
Rozay-en-Brie (77540),Rozay-en-Brie,77393
Saint-Fargeau-Ponthierry (77310),Saint-Fargeau-Ponthierry,77407
Saint-Germain-sur-Morin (77860),Saint-Germain-sur-Morin,77413
Saint-Pathus (77178),Saint-Pathus,77430
Saint-Pierre-lès-Nemours (77140),Saint-Pierre-lès-Nemours,77431
Saint-Sauveur-sur-Ecole (77930),Saint-Sauveur-sur-Ecole,77435
Savigny-le-Temple (77176),Savigny-le-Temple,77445
Seine-Port (77240),Seine-Port,77447
Serris (77700),Serris,77449
Sognolles-en-Montois (77520),Sognolles-en-Montois,77454
Thieux (77230),Thieux,77462
Thorigny-sur-Marne (77400),Thorigny-sur-Marne,77464
Torcy (77200),Torcy,77468
Trilport (77470),Trilport,77475
Vaux-le-Pénil (77000),Vaux-le-Pénil,77487
Villeneuve-le-Comte (77174),Villeneuve-le-Comte,77508
Villeneuve-Saint-Denis (77174),Villeneuve-Saint-Denis,77510
Villeparisis (77270),Villeparisis,77514
Villiers-sur-Morin (77580),Villiers-sur-Morin,77521
Achères (78260),Achères,78005
Aigremont (78240),Aigremont,78007
Andrésy (78570),Andrésy,78015
Aubergenville (78410),Aubergenville,78029
Bailly (78870),Bailly,78043
Bois-d'Arcy (78390),Bois-d'Arcy,78073
Bougival (78380),Bougival,78092
Bréval (78980),Bréval,78107
Buc (78530),Buc,78117
Carrières-sous-Poissy (78955),Carrières-sous-Poissy,78123
Carrières-sur-Seine (78420),Carrières-sur-Seine,78124
La Celle-Saint-Cloud (78170),La Celle-Saint-Cloud,78126
Chambourcy (78240),Chambourcy,78133
Chanteloup-les-Vignes (78570),Chanteloup-les-Vignes,78138
Chatou (78400),Chatou,78146
Chavenay (78450),Chavenay,78152
Le Chesnay-Rocquencourt (78150),Le Chesnay-Rocquencourt,78158
Chevreuse (78460),Chevreuse,78160
Les Clayes-sous-Bois (78340),Les Clayes-sous-Bois,78165
Conflans-Sainte-Honorine (78700),Conflans-Sainte-Honorine,78172
Croissy-sur-Seine (78290),Croissy-sur-Seine,78190
Elancourt (78990),Elancourt,78208
L'Etang-la-Ville (78620),L'Etang-la-Ville,78224
Evecquemont (78740),Evecquemont,78227
Fontenay-le-Fleury (78330),Fontenay-le-Fleury,78242
Gargenville (78440),Gargenville,78267
Guyancourt (78280),Guyancourt,78297
Houdan (78550),Houdan,78310
Houilles (78800),Houilles,78311
Jouars-Pontchartrain (78760),Jouars-Pontchartrain,78321
Jouy-en-Josas (78350),Jouy-en-Josas,78322
Lévis-Saint-Nom (78320),Lévis-Saint-Nom,78334
Louveciennes (78430),Louveciennes,78350
Maisons-Laffitte (78600),Maisons-Laffitte,78358
Mantes-la-Jolie (78200),Mantes-la-Jolie,78361
Mantes-la-Ville (78711),Mantes-la-Ville,78362
Mareil-sur-Mauldre (78124),Mareil-sur-Mauldre,78368
Marly-le-Roi (78160),Marly-le-Roi,78372
Maule (78580),Maule,78380
Maurepas (78310),Maurepas,78383
Le Mesnil-Saint-Denis (78320),Le Mesnil-Saint-Denis,78397
Meulan-en-Yvelines (78250),Meulan-en-Yvelines,78401
Montesson (78360),Montesson,78418
Montfort-l'Amaury (78490),Montfort-l'Amaury,78420
Montigny-le-Bretonneux (78180),Montigny-le-Bretonneux,78423
Morainvilliers (78630),Morainvilliers,78431
Les Mureaux (78130),Les Mureaux,78440
Neauphle-le-Château (78640),Neauphle-le-Château,78442
Noisy-le-Roi (78590),Noisy-le-Roi,78455
Orgeval (78630),Orgeval,78466
Le Pecq (78230),Le Pecq,78481
Plaisir (78370),Plaisir,78490
Poissy (78300),Poissy,78498
Ponthévrard (78730),Ponthévrard,78499
Le Port-Marly (78560),Le Port-Marly,78502
La Queue-les-Yvelines (78940),La Queue-les-Yvelines,78513
Rambouillet (78120),Rambouillet,78517
Richebourg (78550),Richebourg,78520
Saint-Germain-en-Laye (78100),Saint-Germain-en-Laye,78551
Saint-Rémy-lès-Chevreuse (78470),Saint-Rémy-lès-Chevreuse,78575
Sartrouville (78500),Sartrouville,78586
Trappes (78190),Trappes,78621
Vaux-sur-Seine (78740),Vaux-sur-Seine,78638
Vélizy-Villacoublay (78140),Vélizy-Villacoublay,78640
Verneuil-sur-Seine (78480),Verneuil-sur-Seine,78642
Vernouillet (78540),Vernouillet,78643
Versailles (78000),Versailles,78646
Le Vésinet (78110),Le Vésinet,78650
Villennes-sur-Seine (78670),Villennes-sur-Seine,78672
Villepreux (78450),Villepreux,78674
Viroflay (78220),Viroflay,78686
Voisins-le-Bretonneux (78960),Voisins-le-Bretonneux,78688
Saint-Gratien (95210),Saint-Gratien,80704
Saint-Ouen (93400),Saint-Ouen,80711
Montreuil (93100),Montreuil,85148
Ollainville (91340),Ollainville,88336
Chevannes (91750),Chevannes,89102
Fresnes (94260),Fresnes,89183
Ormoy (91540),Ormoy,89282
Athis-Mons (91200),Athis-Mons,91027
Ballainvilliers (91160),Ballainvilliers,91044
Ballancourt-sur-Essonne (91610),Ballancourt-sur-Essonne,91045
Baulne (91590),Baulne,91047
Bondoufle (91070),Bondoufle,91086
Bouray-sur-Juine (91850),Bouray-sur-Juine,91095
Boussy-Saint-Antoine (91800),Boussy-Saint-Antoine,91097
Boutigny-sur-Essonne (91820),Boutigny-sur-Essonne,91099
Brétigny-sur-Orge (91220),Brétigny-sur-Orge,91103
Breuillet (91650),Breuillet,91105
Brunoy (91800),Brunoy,91114
Bruyères-le-Châtel (91680),Bruyères-le-Châtel,91115
Champcueil (91750),Champcueil,91135
Chilly-Mazarin (91380),Chilly-Mazarin,91161
Corbeil-Essonnes (91100),Corbeil-Essonnes,91174
Courances (91490),Courances,91180
Crosne (91560),Crosne,91191
Draveil (91210),Draveil,91201
Echarcon (91540),Echarcon,91204
Epinay-sur-Orge (91360),Epinay-sur-Orge,91216
Etampes (91150),Etampes,91223
Évry-Courcouronnes,Évry-Courcouronnes,91228
Évry-Courcouronnes (91080),Évry-Courcouronnes,91228
Gif-sur-Yvette (91190),Gif-sur-Yvette,91272
Gironville-sur-Essonne (91720),Gironville-sur-Essonne,91273
Janville-sur-Juine (91510),Janville-sur-Juine,91318
Juvisy-sur-Orge (91260),Juvisy-sur-Orge,91326
Lardy (91510),Lardy,91330
Leuville-sur-Orge (91310),Leuville-sur-Orge,91333
Limours (91470),Limours,91338
Linas (91310),Linas,91339
Longjumeau (91160),Longjumeau,91345
Longpont-sur-Orge (91310),Longpont-sur-Orge,91347
Maisse (91720),Maisse,91359
Marcoussis (91460),Marcoussis,91363
Marolles-en-Hurepoix (91630),Marolles-en-Hurepoix,91376
Mennecy (91540),Mennecy,91386
Milly-la-Forêt (91490),Milly-la-Forêt,91405
Les Molières (91470),Les Molières,91411
Montgeron (91230),Montgeron,91421
Montlhéry (91310),Montlhéry,91425
Morangis (91420),Morangis,91432
Morsang-sur-Orge (91390),Morsang-sur-Orge,91434
Ormoy-la-Rivière (91150),Ormoy-la-Rivière,91469
Orsay (91400),Orsay,91471
Palaiseau (91120),Palaiseau,91477
Ris-Orangis (91130),Ris-Orangis,91521
Saint-Chéron (91530),Saint-Chéron,91540
Saint-Cyr-sous-Dourdan (91410),Saint-Cyr-sous-Dourdan,91546
Sainte-Geneviève-des-Bois (91700),Sainte-Geneviève-des-Bois,91549
Saint-Germain-lès-Arpajon (91180),Saint-Germain-lès-Arpajon,91552
Saint-Germain-lès-Corbeil (91250),Saint-Germain-lès-Corbeil,91553
Saint-Pierre-du-Perray (91280),Saint-Pierre-du-Perray,91573
Saulx-les-Chartreux (91160),Saulx-les-Chartreux,91587
Savigny-sur-Orge (91600),Savigny-sur-Orge,91589
Soisy-sur-Seine (91450),Soisy-sur-Seine,91600
Tigery (91250),Tigery,91617
Vayres-sur-Essonne (91820),Vayres-sur-Essonne,91639
Vigneux-sur-Seine (91270),Vigneux-sur-Seine,91657
Villabé (91100),Villabé,91659
Villebon-sur-Yvette (91140),Villebon-sur-Yvette,91661
La Ville-du-Bois (91620),La Ville-du-Bois,91665
Villiers-sur-Orge (91700),Villiers-sur-Orge,91685
Viry-Châtillon (91170),Viry-Châtillon,91687
Wissous (91320),Wissous,91689
Yerres (91330),Yerres,91691
Antony (92160),Antony,92002
Asnières-sur-Seine (92600),Asnières-sur-Seine,92004
Bagneux (92220),Bagneux,92007
Bois-Colombes (92270),Bois-Colombes,92009
Boulogne-Billancourt (92100),Boulogne-Billancourt,92012
Bourg-la-Reine (92340),Bourg-la-Reine,92014
Châtenay-Malabry (92290),Châtenay-Malabry,92019
Châtillon (92320),Châtillon,92020
Chaville (92370),Chaville,92022
Clamart (92140),Clamart,92023
Clichy (92110),Clichy,92024
Colombes (92700),Colombes,92025
Courbevoie (92400),Courbevoie,92026
Fontenay-aux-Roses (92260),Fontenay-aux-Roses,92032
Garches (92380),Garches,92033
La Garenne-Colombes (92250),La Garenne-Colombes,92035
Gennevilliers (92230),Gennevilliers,92036
Issy-les-Moulineaux (92130),Issy-les-Moulineaux,92040
Levallois-Perret (92300),Levallois-Perret,92044
Malakoff (92240),Malakoff,92046
Meudon,Meudon,92048
Meudon (92190),Meudon,92048
Montrouge (92120),Montrouge,92049
Nanterre (92000),Nanterre,92050
Neuilly-sur-Seine (92200),Neuilly-sur-Seine,92051
Le Plessis-Robinson (92350),Le Plessis-Robinson,92060
Puteaux (92800),Puteaux,92062
Rueil-Malmaison (92500),Rueil-Malmaison,92063
Saint-Cloud (92210),Saint-Cloud,92064
Sceaux (92330),Sceaux,92071
Sèvres (92310),Sèvres,92072
Suresnes (92150),Suresnes,92073
Vanves (92170),Vanves,92075
Vaucresson (92420),Vaucresson,92076
Ville-d'Avray (92410),Ville-d'Avray,92077
Villeneuve-la-Garenne (92390),Villeneuve-la-Garenne,92078
Aubervilliers (93300),Aubervilliers,93001
Aulnay-sous-Bois (93600),Aulnay-sous-Bois,93005
Bagnolet (93170),Bagnolet,93006
Évry-Courcouronnes (91000), Évry-Courcouronnes, 91228
Bobigny (93000),Bobigny,93008
Bondy (93140),Bondy,93010
Le Bourget (93350),Le Bourget,93013
Coubron (93470),Coubron,93015
La Courneuve (93120),La Courneuve,93027
Drancy (93700),Drancy,93029
Epinay-sur-Seine (93800),Epinay-sur-Seine,93031
Gagny (93220),Gagny,93032
Gournay-sur-Marne (93460),Gournay-sur-Marne,93033
Les Lilas (93260),Les Lilas,93045
Livry-Gargan (93190),Livry-Gargan,93046
Neuilly-Plaisance (93360),Neuilly-Plaisance,93049
Neuilly-sur-Marne (93330),Neuilly-sur-Marne,93050
Noisy-le-Grand (93160),Noisy-le-Grand,93051
Noisy-le-Sec (93130),Noisy-le-Sec,93053
Pantin (93500),Pantin,93055
Les Pavillons-sous-Bois (93320),Les Pavillons-sous-Bois,93057
Pierrefitte-sur-Seine (93380),Pierrefitte-sur-Seine,93059
Le Pré-Saint-Gervais (93310),Le Pré-Saint-Gervais,93061
Le Raincy (93340),Le Raincy,93062
Romainville (93230),Romainville,93063
Saint-Denis (93200),Saint-Denis,93066
Sevran (93270),Sevran,93071
Stains (93240),Stains,93072
Tremblay-en-France (93290),Tremblay-en-France,93073
Villemomble (93250),Villemomble,93077
Villepinte (93420),Villepinte,93078
Alfortville (94140),Alfortville,94002
Arcueil (94110),Arcueil,94003
Boissy-Saint-Léger (94470),Boissy-Saint-Léger,94004
Bry-sur-Marne (94360),Bry-sur-Marne,94015
Cachan (94230),Cachan,94016
Champigny-sur-Marne (94500),Champigny-sur-Marne,94017
Charenton-le-Pont (94220),Charenton-le-Pont,94018
Chennevières-sur-Marne (94430),Chennevières-sur-Marne,94019
Chevilly-Larue (94550),Chevilly-Larue,94021
Choisy-le-Roi (94600),Choisy-le-Roi,94022
Créteil (94000),Créteil,94028
Fontenay-sous-Bois (94120),Fontenay-sous-Bois,94033
Gentilly (94250),Gentilly,94037
L'Haÿ-les-Roses (94240),L'Haÿ-les-Roses,94038
Ivry-sur-Seine (94200),Ivry-sur-Seine,94041
Joinville-le-Pont (94340),Joinville-le-Pont,94042
Le Kremlin-Bicêtre (94270),Le Kremlin-Bicêtre,94043
Limeil-Brévannes (94450),Limeil-Brévannes,94044
Maisons-Alfort (94700),Maisons-Alfort,94046
Mandres-les-Roses (94520),Mandres-les-Roses,94047
Nogent-sur-Marne (94130),Nogent-sur-Marne,94052
Orly (94310),Orly,94054
Ormesson-sur-Marne (94490),Ormesson-sur-Marne,94055
Le Perreux-sur-Marne (94170),Le Perreux-sur-Marne,94058
Le Plessis-Trévise (94420),Le Plessis-Trévise,94059
La Queue-en-Brie (94510),La Queue-en-Brie,94060
Rungis (94150),Rungis,94065
Saint-Mandé (94160),Saint-Mandé,94067
Saint-Maur-des-Fossés,Saint-Maur-des-Fossés,94068
Saint-Maur-des-Fossés (94100),Saint-Maur-des-Fossés,94068
Saint-Maurice (94410),Saint-Maurice,94069
Sucy-en-Brie (94370),Sucy-en-Brie,94071
Thiais (94320),Thiais,94073
Valenton (94460),Valenton,94074
Villecresnes (94440),Villecresnes,94075
Villejuif (94800),Villejuif,94076
Villeneuve-le-Roi (94290),Villeneuve-le-Roi,94077
Villeneuve-Saint-Georges (94190),Villeneuve-Saint-Georges,94078
Villiers-sur-Marne (94350),Villiers-sur-Marne,94079
Vincennes (94300),Vincennes,94080
Vitry-sur-Seine (94400),Vitry-sur-Seine,94081
Ableiges (95450),Ableiges,95002
Argenteuil (95100),Argenteuil,95018
Arnouville (95400),Arnouville,95019
Attainville (95570),Attainville,95028
Beauchamp (95250),Beauchamp,95051
Bessancourt (95550),Bessancourt,95060
Bezons (95870),Bezons,95063
Bouffémont (95570),Bouffémont,95091
Bruyères-sur-Oise (95820),Bruyères-sur-Oise,95116
Butry-sur-Oise (95430),Butry-sur-Oise,95120
Cergy (95000),Cergy,95127
Cergy (95800),Cergy,95127
Champagne-sur-Oise (95660),Champagne-sur-Oise,95134
Cormeilles-en-Parisis (95240),Cormeilles-en-Parisis,95176
Deuil-la-Barre (95170),Deuil-la-Barre,95197
Domont (95330),Domont,95199
Eaubonne (95600),Eaubonne,95203
Ecouen (95440),Ecouen,95205
Enghien-les-Bains (95880),Enghien-les-Bains,95210
Éragny (95610),Éragny,95218
Ermont (95120),Ermont,95219
Ezanville (95460),Ezanville,95229
Fosses (95470),Fosses,95250
Franconville (95130),Franconville,95252
Garges-lès-Gonesse (95140),Garges-lès-Gonesse,95268
Gonesse (95500),Gonesse,95277
Goussainville (95190),Goussainville,95280
Grisy-les-Plâtres (95810),Grisy-les-Plâtres,95287
Groslay (95410),Groslay,95288
Herblay (95220),Herblay,95306
L'Isle-Adam (95290),L'Isle-Adam,95313
Jouy-le-Moutier (95280),Jouy-le-Moutier,95323
Louvres (95380),Louvres,95351
Luzarches (95270),Luzarches,95352
Magny-en-Vexin (95420),Magny-en-Vexin,95355
Méry-sur-Oise (95540),Méry-sur-Oise,95394
Montigny-lès-Cormeilles (95370),Montigny-lès-Cormeilles,95424
Montlignon (95680),Montlignon,95426
Montmagny (95360),Montmagny,95427
Montmorency (95160),Montmorency,95428
Neuville-sur-Oise (95000),Neuville-sur-Oise,95450
Osny (95520),Osny,95476
Parmain (95620),Parmain,95480
Persan (95340),Persan,95487
Pierrelaye (95480),Pierrelaye,95488
Le Plessis-Bouchard (95130),Le Plessis-Bouchard,95491
Pontoise (95000),Pontoise,95500
Pontoise (95300),Pontoise,95500
Saint-Brice-sous-Forêt (95350),Saint-Brice-sous-Forêt,95539
Saint-Leu-la-Forêt (95320),Saint-Leu-la-Forêt,95563
Saint-Ouen-l'Aumône (95310),Saint-Ouen-l'Aumône,95572
Saint-Prix (95390),Saint-Prix,95574
Sannois (95110),Sannois,95582
Sarcelles (95200),Sarcelles,95585
Soisy-sous-Montmorency (95230),Soisy-sous-Montmorency,95598
Taverny (95150),Taverny,95607
Vauréal (95490),Vauréal,95637
Viarmes (95270),Viarmes,95652
Villiers-Adam (95840),Villiers-Adam,95678
Villiers-le-Bel (95400),Villiers-le-Bel,95680
Saint-Cyr-l'Ecole (78210),Saint-Cyr-l'Ecole,78545
BOIS COLOMBES (92270),BOIS COLOMBES,92009
Epinay-sous-Sénart (91860),Epinay-sous-Sénart,91215
Etréchy (91580),Etréchy,91226
